TweetID,TweetURL,tweet
1609137447153324033,https://twitter.com/kompascom/status/1609137447153324033,Program rehab rumah kader PDI-P yang dilakukan Gubernur Jateng Ganjar Pranowo menimbulkan polemik karena menggunakan dana Baznas. https://t.co/RaeNWE7Nk1
1609062826123067395,https://twitter.com/kompascom/status/1609062826123067395,"Dengan mengenakan jas hujan berwarna oranye, Ganjar menyusuri jalanan yang terendam air di Kota Semarang. https://t.co/Iytf8iJFo8"
1609002671767457794,https://twitter.com/kompascom/status/1609002671767457794,Pujian itu dia layangkan kepada Presiden Joko Widodo dan Komisi Pemilihan Umum (KPU) yang menjadi andil utama untuk kelolosan partainya. https://t.co/iNIJLrXBL6
1608758051997351936,https://twitter.com/kompascom/status/1608758051997351936,"""Misal mau beli rokok satu (batang) saja, masa harus dipaksa beli sebungkus? Apalagi kalau enggak punya uang,"" ujar Tanti. https://t.co/SAKooEDMss"
1608703712708694016,https://twitter.com/kompascom/status/1608703712708694016,"Gubernur Papua Lukas Enembe meresmikan Kantor Gubernur Papua dan delapan bangunan lainnya di Jayapura, Papua, Jumat (30/12/2022) https://t.co/l4S16nOPoW"
1608683354450440192,https://twitter.com/kompascom/status/1608683354450440192,Utang pemerintah di era Presiden Jokowi terus mengalami kenaikan tajam. https://t.co/RqPxxTeO3p
1608653380611891200,https://twitter.com/kompascom/status/1608653380611891200,Kemenhub terus menggodok skema tarif KRL khusus orang kaya di mana tanpa subsidi tarif KRL mencapai Rp 15.000. https://t.co/K8h71EsPic
1608643193591181312,https://twitter.com/kompascom/status/1608643193591181312,Eks Bupati Lombok Barat Zaini Arony yang juga mantan terpidana kasus korupsi kembali terjun ke dunia politik. Ia mendaftar sebagai calon DPD RI https://t.co/y75S710vZH
1608626418006757377,https://twitter.com/kompascom/status/1608626418006757377,"Ferdy Sambo Gugat Jokowi dan Kapolri karena Tak Terima Dipecat

Baca selengkapnya di sini: https://t.co/GcGKAKxGUx https://t.co/0si6inUkOb"
1608623690018869249,https://twitter.com/kompascom/status/1608623690018869249,"Daripada menghukum orang kaya yang naik KRL, Tiwi menyarankan pemerintah lebih fokus pada mereka yang naik kendaraan pribadi dan menyumbang kemacetan. https://t.co/VxX3UjnW4J"
1608608869873516546,https://twitter.com/kompascom/status/1608608869873516546,Diskriminasi tarif KRL tersebut justru akan membuat orang-orang akan kembali menggunakan kendaraan pribadi sehingga menyebabkan kemacetan. https://t.co/oYme3ODJUi
1608381608977141761,https://twitter.com/kompascom/status/1608381608977141761,"Rayna bersaing dengan peserta dari negara antara lain Malaysia, Egypt, Indonesia, Philippines, New Zealand, Thailand, Singapore, Hongkong, Iran, Cambodia, Azerbaijan, Brazil, dan Tiongkok. / #JernihMelihatDunia #Edukasi  #Matematika 

Baca di https://t.co/JmJK5mw7jV https://t.co/paBVP8CQKF"
1608325251901030401,https://twitter.com/kompascom/status/1608325251901030401,"Setelah berhasil mengakses m-banking di HP temuan, kedua pelaku mentransfer Rp 120 juta ke rekening mereka. Kini pelaku telah ditangkap. https://t.co/r1wyoXWxMM"
1608298308098994176,https://twitter.com/kompascom/status/1608298308098994176,"Tewas di tempat kerja, Nirwana Selle dikenal aktif di TikTok sebagai anak muda yang pergi merantau untuk memperbaiki ekonomi keluarganya. https://t.co/XDK6L1khmw"
1608104009394712578,https://twitter.com/kompascom/status/1608104009394712578,"Abdul Hamid, pengisi suara Pak Ogah, meninggal dunia pukul 19.30 WIB. https://t.co/iTerKf5joZ"
1608073454322085892,https://twitter.com/kompascom/status/1608073454322085892,"Roy Suryo terbukti menyebarkan informasi yang bertujuan menyebarkan rasa kebencian atau permusuhan individu berdasarkan SARA terkait meme stupa Candi Borobudur. / #JernihMelihatDunia #Sidang #RoySuryo #Meme 

Baca di https://t.co/SqUWcvdty2 https://t.co/1BptRW63eR"
1608032841274912777,https://twitter.com/kompascom/status/1608032841274912777,"""Yang berdasi, yang kemampuan finansialnya tinggi mesti bayarnya lain. Jadi kalau average sampai 2023 kita rencanakan tidak naik ya,"" ujar Menhub dalam, Selasa (27/12/2022). / #JernihMelihatDunia #Money #KRL #Keretaapi #Menhub #CommuterLine

Baca di https://t.co/cAYrguU6p4 https://t.co/q610w8UqZN"
1607907577328979970,https://twitter.com/kompascom/status/1607907577328979970,"Menhub Budi mengatakan, bagi masyarakat yang berpenghasilan tinggi akan dikenakan penyesuaian tarif KRL pada 2023. https://t.co/C9SVC3NFtd"
1607901418949865474,https://twitter.com/kompascom/status/1607901418949865474,"""Jika Tak Penting Jangan Keluar Kota""

Baca selengkapnya di sini: https://t.co/AkCAoyQPI6 https://t.co/MivcrJasya"
1607892864721354753,https://twitter.com/kompascom/status/1607892864721354753,"https://t.co/4VOOkFAPN4 mengunjungi Bandara Halim Perdanakusuma, Selasa (27/12/2022), untuk membuktikan pengalaman yang diceritakan warganet. https://t.co/j29ZLj2bss"
1607714011839369217,https://twitter.com/kompascom/status/1607714011839369217,"Wapres Tegaskan Tak Boleh Ada Larangan Ibadah bila Sudah Penuhi Aturan.

Baca selengkapnya di sini: https://t.co/OKfXMzvvpG https://t.co/a2keVYzNO0"
1607642706326720513,https://twitter.com/kompascom/status/1607642706326720513,"Suami di Cengkareng Siram Istri dan Bayinya dengan Air Keras hingga Tewas.

Baca selengkapnya di sini: https://t.co/J2q9xywKvC https://t.co/ZewG4HDwKF"
1607573352138567685,https://twitter.com/kompascom/status/1607573352138567685,"POM TNI: Brigjen Eko Adalah Korban

Baca selengkapnya di sini: https://t.co/8BAqwNarsY https://t.co/mUvgrwTyT5"
1607564467830939648,https://twitter.com/kompascom/status/1607564467830939648,Puspen TNI menyatakan jenderal pemilik pajero yang tertimpa truk pasir di Cibubur yang dinyatakan sebagai korban berdasarkan invetigasi POM. https://t.co/3m4T3aBK7t
1607550563457339392,https://twitter.com/kompascom/status/1607550563457339392,"Bupati Cianjur Dilaporkan ke KPK, Diduga Selewengkan Dana Bantuan Gempa

Baca selengkapnya di sini: https://t.co/NBDvtn5Eb9 https://t.co/hDHNRCfJUT"
1607504607953182722,https://twitter.com/kompascom/status/1607504607953182722,"Pelaku diduga menodong pisau saat R (33) berada di jalur yang ketiga di Jalan Boulevard, Kelapa Gading, Jakarta Utara, untuk menyerobot. https://t.co/3hGcOkOXeK"
1607344818178625536,https://twitter.com/kompascom/status/1607344818178625536,"Pemilik truk pasir bersedia mengganti kerusakan mobil Pajero TNI akibat kecelakaan. / #TNI #Laka #Kecelakaan #Truk #Mobil #Depok #Transyogi #JernihMelihatDunia 

Baca di https://t.co/blH7F1Dj1i https://t.co/ezClfxK6HF"
1607341612363059200,https://twitter.com/kompascom/status/1607341612363059200,"Pemerintah Bakal Larang Rokok Dijual Batangan.

Baca selengkapnya di sini: https://t.co/9r84HVuuoK https://t.co/lLXslYthvf"
1607294809953406978,https://twitter.com/kompascom/status/1607294809953406978,"Disebutkan Kapuspen TNI, tidak ada pelanggaran yang dilakukan Brigjen Airlangga, terutama saat penggunaan sirine untuk mobil Pajero miliknya. https://t.co/26jyf8JbL5"
1607288020956516352,https://twitter.com/kompascom/status/1607288020956516352,"Ketahuan Coba Rampok Toko Perhiasan, Ibu Hamil: Saya Mengidam

Baca selengkapnya di sini: https://t.co/jJ7Mg1HivJ https://t.co/v3CcwriEIg"
1607202047832756224,https://twitter.com/kompascom/status/1607202047832756224,"Kendaraan yang bukan mendapat hak utama di jalan raya tidak boleh menggunakan sirene dan strobo, bisa dikenakan denda sampai Rp 250.000 https://t.co/N7BVJ9mq97"
1607172349740331009,https://twitter.com/kompascom/status/1607172349740331009,"Tanpa pengawalan Petugas Kepolisian Negara Republik Indonesia, mobil pelat RF tetap sama haknya di jalan dengan yang lain https://t.co/8uEXAwSgCY"
1606953625666072579,https://twitter.com/kompascom/status/1606953625666072579,"Pria bernama Anjas di Palembang, Sumatera Selatan, membatalkan pernikahan pada H-1 karena ibunya dibentak calon istri gara-gara kurang uang keperluan menikah sebesar Rp 700.000. / #JernihMelihatDunia #Palembang #Ibu #Nikah #Pernikahan 

Baca di https://t.co/WzApwMiMAj https://t.co/BjMnU0zmus"
1606851573866713088,https://twitter.com/kompascom/status/1606851573866713088,"Sejarawan dan juga Budayawan Betawi Ridwan Saidi, meninggal dunia pada hari ini, Minggu, 25 Desember 2022 sekitar pukul 08:35 WIB di RSPI Bintaro, Tangerang Selatan. / #JernihMelihatDunia #Sejarawan #RidwanSaidi #BudayawanBetawi.#KabarDuka #MeninggalDunia https://t.co/ip85Pp8GKP"
1606149915549216768,https://twitter.com/kompascom/status/1606149915549216768,"Mulai 2023, Beli Elpiji 3 Kg Wajib Pakai KTP

Baca selengkapnya di sini: https://t.co/Ldrsd0LgDi https://t.co/3fcqB3zdjt"
1605924769756766209,https://twitter.com/kompascom/status/1605924769756766209,"Hasil Survey Elekbilitas Capres 2024 oleh Charta Politika dan SMRC

#Capres2024 #JernihMelihatDunia https://t.co/3fwDoWYwS2"
1605831506819256325,https://twitter.com/kompascom/status/1605831506819256325,"Jokowi Akan Hentikan PPKM, Gibran: Kenapa Enggak dari Dulu?

Baca selengkapnya di sini: https://t.co/NNiWzKZVGL https://t.co/TzBV55N36q"
1605549847565676545,https://twitter.com/kompascom/status/1605549847565676545,"Diduga Sering Dicium dan Digendong, 600 Anak di Bantul Sakit TBC

Baca selengkapnya di sini:https://t.co/rkSuEbw7fC https://t.co/buQdJwsXya"
1605395286691840001,https://twitter.com/kompascom/status/1605395286691840001,Gubernur Jawa Barat Ridwan Kamil tak mempermasalahkan penghapusan Argo Parahyangan demi Kereta Cepat Jakarta Bandung https://t.co/vLB4QLyoyB
1605335500394745857,https://twitter.com/kompascom/status/1605335500394745857,Luhut Binsar Pandjaitan berpesan kepada Komisi Pemberantasan Korupsi (KPK) agar tidak terlalu sering melakukan tindakan operasi tangkap tangan (OTT). https://t.co/TIpY0SUKlf
1605146564460023808,https://twitter.com/kompascom/status/1605146564460023808,"Sakit Kaki Kiri tapi Kaki Kanan yang Dioperasi, Pasien Rumah Sakit di Medan Lapor Polisi

Baca selengkapnya di sini: https://t.co/LHv6zXjwV1 https://t.co/rWu0oWRjyp"
1605044416086843395,https://twitter.com/kompascom/status/1605044416086843395,"Pemkot Depok Ajak Warga Bikin Video Terima Kasih untuk Mereka, Ada Hadiahnya.

Mereka mengeklaim warganya sangat puas dan senang melihat pembangunan infrastruktur di Depok.

Baca selengkapnya di sini: https://t.co/oieQZHclSR https://t.co/oGLEbAkucf"
1604992138491883520,https://twitter.com/kompascom/status/1604992138491883520,Imam mengajak masyarakat membuat video ucapan terima kasih atas pembangunan infrastruktur oleh Pemkot Depok. Pembuat video menarik akan dapat hadiah. https://t.co/cRZEHS6quZ
1604828198017323015,https://twitter.com/kompascom/status/1604828198017323015,"Jika Anies terpilih menjadi presiden, maka capres dari Nasdem itu akan mengapresiasi hasil kerja Presiden Joko Widodo (Jokowi) sebagai pendahulu. https://t.co/KzJuqwzzlq"
1604770318387916805,https://twitter.com/kompascom/status/1604770318387916805,"Jajaran petinggi KPU Pusat diduga memberi iming-iming kepada penyelenggara pemilu daerah apabila mau menuruti instruksi untuk mengubah data beberapa partai politik dari TMS menjadi MS sebagai peserta Pemilu 2024. #Nasional #KPU #Pemilu 

https://t.co/6UWtETUFB6"
1604359337903673344,https://twitter.com/kompascom/status/1604359337903673344,"Mengaku Bersalah, Ferdy Sambo: Saya Tak Tahu Bagaimana Harus Menebus Dosa Ini...

Baca selengkapnya di sini: https://t.co/9vBV1UwJ1P https://t.co/rWi33UUF9Q"
1604309178968723458,https://twitter.com/kompascom/status/1604309178968723458,"Bawaslu: ""Endorse"" Capres Boleh, yang Tak Boleh Ajak Orang untuk Mendukung.

Baca selengkapnya di sini: https://t.co/PjyEwQL3Hp https://t.co/KSCnsZnIK9"
1604031678678433793,https://twitter.com/kompascom/status/1604031678678433793,"Tidak ada pelarangan, namun berdasarkan hasil kesepakatan dari musyawarah FKUB, ibadah natal hanya boleh dilaksanakan di tempat yang sesuai perizinan. https://t.co/GO6hxzNcEj"
1604006776093147136,https://twitter.com/kompascom/status/1604006776093147136,Presiden Jokowi kembali membuka impor beras padahal sebelumnya mengaku malu Indonesia bergantung impor. https://t.co/RPcFKQy8KG
1603716973476851712,https://twitter.com/kompascom/status/1603716973476851712,Bupati Lebak Iti Octavia Jayabaya meminta umat Kristen yang tinggal di Kecamatan Maja untuk beribadah Natal di Rangkasbitung. Permintaan tersebut terjadi karena tidak terbitnya izin untuk ibadah Natal selain di gereja. #BupatiLebak #Rangkasbitung #IbadahNatal https://t.co/fxpNjmYu5W
1603579994403323904,https://twitter.com/kompascom/status/1603579994403323904,"Pakar Sebut Hasil Tes Poligraf Putri Candrawathi Mengerikan

Keterangan Putri Candrawathi hampir tidak ada yang benar dengan skor hasil tes minus 25.

Baca selengkapnya di sini: https://t.co/raLIxB5o2c https://t.co/74AEvtxHBD"
1603573390308421632,https://twitter.com/kompascom/status/1603573390308421632,"Bupati Lebak Iti Octavia Jayabaya meminta umat Kristen yang tinggal di Kecamatan Maja untuk beribadah Natal di Rangkasbitung. ^ #Regional 

https://t.co/VhapuWlVd1"
1603403899427516416,https://twitter.com/kompascom/status/1603403899427516416,Bupati Lebak Iti Octavia Jayabaya meminta umat Kristiani yang tinggal di Kecamatan Maja untuk beribadah Natal di Rangkasbitung. https://t.co/aYJHrC2R0I
1603389070151135232,https://twitter.com/kompascom/status/1603389070151135232,"Zack Snyder (24), warga negara asing (WNA) asal California, Amerika Serikat ini nekat menemui kekasihnya yang berada di Tanggamus Lampung. https://t.co/MnzJ8ykIuI"
1602922704289423360,https://twitter.com/kompascom/status/1602922704289423360,"Hasil Skor Lie Detector Terhadap 5 Tersangka Pembunuhan Brigadir J.

Ibu Putri Topskor nih üòÜ https://t.co/CY2UJJjUh5"
1602897491661234177,https://twitter.com/kompascom/status/1602897491661234177,"Buruh Pabrik Jadi Miliarder Usai Terima Ganti Rugi Tol: Masih Bingung Uangnya Mau Diapain.

Kalau kalian jadi Ambar, uangnya mau buat apa gaes? üòÜ

#Miliarder #TolYogyakartaBawean #JernihMelihatDunia https://t.co/l1JYpDLLG8"
1602811680844812288,https://twitter.com/kompascom/status/1602811680844812288,"""Tapi kita berdua yang bertanggung jawab. Kuat, Ricky, istri saya, jangan kau libatkan!"" kata Sambo ke Richard. https://t.co/baH4QVZHeM"
1602507473557938176,https://twitter.com/kompascom/status/1602507473557938176,"Orang Indonesia Kurang Piknik, Rata-rata Hanya 2,6 Kali Setahun.

Baca selengkapnya di sini: https://t.co/JfblSxavNI https://t.co/66UVoqb2re"
1602452837954641920,https://twitter.com/kompascom/status/1602452837954641920,"Heru mengganti slogan baru DKI Jakarta menjadi ""Sukses Jakarta untuk Indonesia"". Semula, slogan ini adalah ""Jakarta Kota Kolaborasi"" pada era Anies. https://t.co/Sl9DM3yQxJ"
1602452830753026049,https://twitter.com/kompascom/status/1602452830753026049,"Selain itu, Deddy juga berhak memakai plat nomor TNI. https://t.co/bxsLJn87F6"
1602302008085852165,https://twitter.com/kompascom/status/1602302008085852165,"Remaja Tewas Terlindas Saat Adang Truk di Bekasi, Polisi Buru Sopir yang Kabur.

Baca selengkapnya di sini: https://t.co/haHZuhxaOB https://t.co/pCL3bkdQrf"
1602150472973840384,https://twitter.com/kompascom/status/1602150472973840384,"Perampok yang diperkirakan berjumlah lima orang sempat menyekap wali kota, istri, dan tiga penjaga rumah. Kapolres Blitar Kota membenarkan perampok mengikat Santoso dan istri saat mereka beroperasi. / #JernihMelihatDunia #WaliKotaBlitar #Blitar 

Baca di https://t.co/AaBgRgdhCw https://t.co/vAdDfQX88T"
1601767028427456512,https://twitter.com/kompascom/status/1601767028427456512,Kisruh proyek properti Meikarta milik Grup Lippo semakin panas. Pembeli Meikarta pun mengadu kepada ke berbagai pihak untuk meminta bantuan. https://t.co/EsD3gpp1Xi
1601363207146569728,https://twitter.com/kompascom/status/1601363207146569728,Mayoritas masyarakat Indonesia tidak bisa mengakses makanan bergizi sebagaimana dilaporkan Harian Kompas. https://t.co/BW6DxmOfUX
1600855124049813504,https://twitter.com/kompascom/status/1600855124049813504,Fakta baru kasus balita yang tewas dibanting pacar ibunya itu terungkap dalam rekonstruksi yang dilakukan penyidik hari ini. https://t.co/uTJGVqLsTQ
1600795132491862016,https://twitter.com/kompascom/status/1600795132491862016,Ada sejumlah alasan yang dikemukaan Bamsoet agar pemilu 2024 lebih baik ditunda. Bagaimana menurut Anda? https://t.co/u94FFI7UtX
1600774939241742336,https://twitter.com/kompascom/status/1600774939241742336,"Menteri Perdagangan Zulkifli Hasan mengatakan, normalnya harga ayam dibanderol Rp 36.500 per kilogram namun belakangan ini turun menjadi Rp 32.000 per kilogram di pasar. / #Money #Mendag #ZulkifliHasan #Pasar #Ayam #JernihMelihatDunia 

Baca di https://t.co/WTnx5dDHeO https://t.co/jQ0edu06BD"
1600411162361081857,https://twitter.com/kompascom/status/1600411162361081857,"Pelaku bom bunuh diri di Mapolsek Astana Anyar bernama Agus. Ia mantan narapidana kasus bom Cicendo, Jawa Barat, dan telah dihukum penjara selama empat tahun di Nusakambangan. / #Bandung #Bombunuhdiri #PolsekAstanaanyar #Bom #JernihMelihatDunia 

Baca di https://t.co/kW7nYqcPID https://t.co/3Psd8kfkSX"
1600398697967194112,https://twitter.com/kompascom/status/1600398697967194112,"Dalam RKUHP yang disahkan DPR pada Selasa (6/12/2022), berisik di malam hari dikategorikan sebagai gangguan terhadap ketentraman lingkungan. / #RKUHP #KUHP #Undangundang #UU #DPR #Tetangga #Berisik #JernihMelihatDunia 

Baca di https://t.co/GroWrcTSEM https://t.co/Zs4eY3YOMN"
1600257306192924673,https://twitter.com/kompascom/status/1600257306192924673,Nasdem meminta Prabowo Subianto untuk mengajukan kadernya menjadi salah satu kandidat calon wakil presiden buat Anies Baswedan. https://t.co/Ydlo5RokV1
1600092689990656002,https://twitter.com/kompascom/status/1600092689990656002,"Penjabat Gubernur DKI Jakarta, Heru Budi Hartono mengatakan, pencopotan Marullah Matali dari jabatan Pj Sekretaris Daerah DKI berdasarkan keputusan presiden. ^ #MarullahMatali #PencopotanSekdaDKIJakarta #HeruBudi https://t.co/alapbZ3AqK"
1599643489545129984,https://twitter.com/kompascom/status/1599643489545129984,"Balita Tewas Dibanting Pacar Ibunya di Apartemen Kalibata City karena BAB Sembarangan.

Baca selengkapnya di sini: https://t.co/3TG4WT611R https://t.co/mLUrbsexR5"
1599628434296434689,https://twitter.com/kompascom/status/1599628434296434689,"Terdakwa kasus pembunuhan berencana terhadap Brigadir J, Kuat Ma'ruf menyapa pengunjung sidang dengan simbol love dua jari ala Korea atau finger heart https://t.co/fIa16mp1w1"
1599598780915277824,https://twitter.com/kompascom/status/1599598780915277824,"Perdana belanja bulanan sebagai suami istri, Sisca Kohl habiskan Rp 22,6 juta untuk membeli keperluan dapur https://t.co/cEWGdgJlXI"
1599523959044997120,https://twitter.com/kompascom/status/1599523959044997120,Penumpang Kereta Cepat Jakarta Bandung perlu turun di Stasiun Padalarang untuk melanjutkan perjalanan ke Kota Bandung. https://t.co/RctOiAQI9A
1599389846170370050,https://twitter.com/kompascom/status/1599389846170370050,Pembengkakan biaya Kereta Cepat Jakarta Bandung salah satunya karena kesalahan perhitungan China dalam proposalnya. https://t.co/fNAHzyjArW
1599315351233257473,https://twitter.com/kompascom/status/1599315351233257473,Penumpang Kereta Cepat Jakarta Bandung yang ingin melanjutkan perjalanan ke Bandung bisa menggunakan KA feeder di Stasiun Padalarang. https://t.co/jBAYaxxPzX
1598882852740923392,https://twitter.com/kompascom/status/1598882852740923392,Penumpang Kereta Cepat Jakarta Bandung tujuan Bandung turun di Stasiun Padalarang untuk melanjutkan perjalanan menggunakan KRD KA feeder. https://t.co/Zq4jb50ekz
1598522127443009538,https://twitter.com/kompascom/status/1598522127443009538,"Korupsi Dana Zakat Rp 1,1 Miliar, Bendahara Baznas Bengkulu Selatan Jadi Tersangka.

Baca selenkapnya di sini: https://t.co/rEp6DJV3xu https://t.co/Y5pP5NUZWo"
1598315117678297088,https://twitter.com/kompascom/status/1598315117678297088,Stasiun Radio Trax FM resmi berhenti mengudara per hari ini Kamis (1/12/2022). https://t.co/DRrpKkEXE1
1598139382623764482,https://twitter.com/kompascom/status/1598139382623764482,"Pelajar yang nekat tawuran di Jakarta Barat siap-siap dikirim ke pesantren. * #TawuranPelajar

Baca selengkapnya di sini: https://t.co/f73YBMV7ul https://t.co/CM4rqjU3uY"
1597763707714818048,https://twitter.com/kompascom/status/1597763707714818048,"Pengusaha dan Buruh Kompak Tolak UMP DKI 2023 yang Naik Jadi Rp 4,9 Juta. 

Baca selengkapnya di sini: https://t.co/95FOPglx9d https://t.co/Smg9vLGvaG"
1597551002995281920,https://twitter.com/kompascom/status/1597551002995281920,"Pemuda itu berinisial MDA (23), warga asal Riau yang tinggal bersama saudara di Jakarta. https://t.co/tXHueqD7Ap"
1597356681583022080,https://twitter.com/kompascom/status/1597356681583022080,"Menpora kembali memaparkan alasan Stadion GBK untuk sementara tidak bisa digunakan untuk konser, tetapi bisa dipakai kumpul relawan Presiden Jokowi. https://t.co/5oJ2d5tPg9"
1597107433825894403,https://twitter.com/kompascom/status/1597107433825894403,Penjabat Gubernur DKI Heru Budi Hartono lakukan kegiatan blusukan dalam beberapa pekan terakhir. Kegiatan ini persis seperti yang dilakukan eks Gubernur DKI Joko Widodo dan Basuki Tjahaja Purnama alias Ahok. ^ #HeruBudi #DKIJakarta #HeruBudiBlusukan https://t.co/kSKN83pVXC
1597087154207088640,https://twitter.com/kompascom/status/1597087154207088640,"Konser Blackpink hingga Raisa dilarang menggungakan GBK, tapi acara relawan Jokowi diizinkan. Ada apa? https://t.co/q8u6qcx5tr"
1596714094161461251,https://twitter.com/kompascom/status/1596714094161461251,Menkes meminta golongan orang kaya mendaftar asuransi swasta selain tetap mengikuti kepersertaan BPJS Kesehatan. https://t.co/i5y0mfHD2o
1596688480608092165,https://twitter.com/kompascom/status/1596688480608092165,"Cuma Sehari di GBK, Relawan Jokowi Produksi Sampah hingga 31 Ton. 

Baca selengkapnya di sini: https://t.co/BWKK2Wzfzq https://t.co/Nnaz87RauN"
1596101150792912896,https://twitter.com/kompascom/status/1596101150792912896,"""Jadi carilah pemimpin yang berani, yang cerdas, yang visinya tangguh. Ini secara alamiah. Kalau bodoh, mana bisa cari solusi,"" kata Prabowo, Jumat. https://t.co/4xfHf3IJlF"
1596058504762380289,https://twitter.com/kompascom/status/1596058504762380289,"Janggal, Gaji Ferdy Sambo Rp 35 Juta, tetapi Belanja Bulanan sampai Rp 600 Juta. 

Baca selengkapnya di sini:https://t.co/Ufx7klkOa6 https://t.co/9tkfQSmnUX"
1596054870565720064,https://twitter.com/kompascom/status/1596054870565720064,"Polisi di India melaporkan, gerombolan tikus telah memakan hampir 195 Kilogram (Kg) ganja sitaan dari pengedar yang disimpan di kantor polisi. https://t.co/a4dRIUzylx"
1595966276027191297,https://twitter.com/kompascom/status/1595966276027191297,"Warga itu awalnya membuat laporan kehilangan. Saat sudah beres ia mengucapkan terimakasih. Lalu petugas bertanya ""Terimakasih doang?"". https://t.co/JvRifNVTF8"
1595690692210491392,https://twitter.com/kompascom/status/1595690692210491392,"Diduga Tak Kuat dengan Tugas Kuliah, Mahasiswi di Jember Nyaris Tewas Bunuh Diri di Kamar Mandi.

Baca selengkapnya di sini: https://t.co/4TX7LK4uuH https://t.co/uVloWbHvvr"
1595597029589549056,https://twitter.com/kompascom/status/1595597029589549056,"500 Ton Beras Hilang di Gudang Bulog, Buwas: Pertanggungjawabkan Secara Hukum!

Baca selengkapnya di sini: https://t.co/YsLdbwAidb https://t.co/hie5DTlmoj"
1595560771072987136,https://twitter.com/kompascom/status/1595560771072987136,Nasib sejumlah mal di Ibu Kota nyaris tumbang. Pengunjung semakin jarang datang dan pedagang satu per satu menghilang. Masih ada yang punya harapan. https://t.co/E9lvnzLxRE
1595318634599284736,https://twitter.com/kompascom/status/1595318634599284736,Menkes Budi Gunadi Sadikin menyebut banyak orang kaya hingga konglomerat berobat menggunakan BPJS Kesehatan. https://t.co/GNjIGfOsAJ
1595258225414529024,https://twitter.com/kompascom/status/1595258225414529024,"Heru mengatakan bahwa ia akan memberikan sepeda kepada perangkat daerah yang bernama ""Heru"", ""Budi"", dan ""Hartono"" dalam kegiatan pagi itu. https://t.co/eCeUUQjQCU"
1594987966547759104,https://twitter.com/kompascom/status/1594987966547759104,"Oknum Ormas di Kosambi Sering Minta ""Jatah"", Warga: Bikin Kandang Ayam Saja Didatangi. 

Baca selengkapnya di sini: https://t.co/r92GC6nKeK https://t.co/PTDymH4MnJ"
1594916408676450307,https://twitter.com/kompascom/status/1594916408676450307,"Terima Rp 4,4 Miliar dari Calon Siswa Bintara, Briptu D Disanksi Tunda Kenaikan Pangkat 3 Tahun.

Baca selengkapnya di sini: https://t.co/pAFM9iqOzH https://t.co/AP8zvTVML5"
1594883784037797888,https://twitter.com/kompascom/status/1594883784037797888,"WN Libya, Tarek Aa Abulgasem marah-marah di Gedung Bareskrim Polri karena merasa diperas oleh polisi dalam proses pelaporan dugaan penipuan yang dialaminya. ^ #Nasional #Penipuan 

https://t.co/sGMKpvYNXF"
1594549865555853312,https://twitter.com/kompascom/status/1594549865555853312,"""Jangan serba beton, jangan serba benda fisik, tetapi jiwanya dibangun,"" kata AHY. https://t.co/ybLKJmPq11"
1594288522927935492,https://twitter.com/kompascom/status/1594288522927935492,"6 Pelajar SMK di Tapanuli Selatan yang Aniaya Nenek ODGJ Ditangkap.

Mereka mengaku perbuatan itu dilakukan karena iseng saat bolos sekolah.

Baca selengkapnya di sini: https://t.co/adgxdO8Br2 https://t.co/YDMSd03YlG"
1594242558645108736,https://twitter.com/kompascom/status/1594242558645108736,"""Tujuannya cuma satu, kita ingin Indonesia yang adil. Semuanya punya kesetaraan, punya kesempatan."" https://t.co/8ZzI3UDHa1"
1593942808913924097,https://twitter.com/kompascom/status/1593942808913924097,"Siswa SMP di Bandung, Jawa Barat yang melakukan aksi perundungan terhadap salah satu temannya telah diberi hukuman oleh pihak sekolah. https://t.co/R5PHJ278Ny"
1593826053927342080,https://twitter.com/kompascom/status/1593826053927342080,"Bareskrim tengah memburu pemilik akun Twitter @KoprofilJati yang diduga melakukan  penghinaan terhadap Ibu Negara Iriana Jokowi.

Selengkapnya di https://t.co/V0gGMjhZEI

#Nasional #IrianaJokowi 
#JernihMelihatDunia https://t.co/meJqjdOjUx"
1593557671848075264,https://twitter.com/kompascom/status/1593557671848075264,"Anak Kombes Diduga Aniaya Teman Bimbingan Akpol, Polisi: Anak Kecil, Suka Bercanda.

Baca selengkapnya di sini: https://t.co/rt7QC6kfy5 https://t.co/ZLszyhhLan"
1593496062685126661,https://twitter.com/kompascom/status/1593496062685126661,"Sah! Indonesia Kini Punya 38 Provinsi, Ini Daftarnya. 

Baca selengkapnya di sini: https://t.co/Q7RpnXeJdl https://t.co/0MIOby9ZCW"
1593471010686504962,https://twitter.com/kompascom/status/1593471010686504962,Kereta Cepat Jakarta Bandung harus ditanggung APBN karena kesalahan perhitungan pihak China. https://t.co/khQt1UCIT6
1593441137892917248,https://twitter.com/kompascom/status/1593441137892917248,Wali Kota Depok Idris tetap melanjutkan rencana relokasi SD Pondok Cina 1 demi pembangunan masjid meskipun masih ada polemik. https://t.co/vP6l783yvA
1593006264686108673,https://twitter.com/kompascom/status/1593006264686108673,Pelaku dan korban sama-sama sedang mengikuti bimbingan belajar sebagai persiapan masuk Akademi Kepolisian. https://t.co/mafODPctzK
1592864787188580355,https://twitter.com/kompascom/status/1592864787188580355,"Akal-akalan Pria di Bogor yang Hidup Kembali Ternyata untuk Hindari ""Debt Collector""

Baca selengkapnya di sini: https://t.co/LX1vBlgOA7 https://t.co/Fgz4kvNcA6"
1592647671386607616,https://twitter.com/kompascom/status/1592647671386607616,Pusat Studi Transportasi dan Logistik (Pustral) Universitas Gadjah Mada (UGM) mengatakan bahwa sepeda adalah masa depan terbaik perkotaan. https://t.co/WxyaYkmcOP
1592453528462979072,https://twitter.com/kompascom/status/1592453528462979072,"Total dana dari Yayasan Boeing milik para keluarga korban kecelakaan Lion Air yang digelapkan ACT mencapai Rp 117,9 miliar. https://t.co/7HThT1hSEn"
1592337281645707264,https://twitter.com/kompascom/status/1592337281645707264,"""Aset Indra Kenz Bukan Hak Negara, Ini Uang Korban!"" 

Baca selengkapnya di sini: https://t.co/lxjECCdiwu https://t.co/uKKnfMNrVW"
1592289804884267009,https://twitter.com/kompascom/status/1592289804884267009,"Majelis hakim menilai, aset sitaan dari Indra Kenz tidak berhak dikembalikan kepada para korban, sebab para korban bersalah karena bermain judi. https://t.co/Z1yNsUv7Mu"
1591623227746709504,https://twitter.com/kompascom/status/1591623227746709504,"Kaesang Prewedding di Stadion Manahan, Gibran Tagih Uang Sewa: Emang Kaesang Istimewa?

Baca selengkapnya di sini: https://t.co/4yZvvJCWKk https://t.co/fQpyZCm7yW"
1591437720211312642,https://twitter.com/kompascom/status/1591437720211312642,Tiga anggota organisasi masyarakat (ormas) di Tangerang meminta uang keamanan Rp 22 juta jika ingin proyek revitalisasi Jembatan Dadap dilanjutkan. https://t.co/Jq5NhhQWK3
1591218278567145472,https://twitter.com/kompascom/status/1591218278567145472,Binaragawati Anoy Roz membeberkan alasan tidak melawan saat ditendang driver ojek online di Bandung. https://t.co/c0i5JV15ap
1590655060866117633,https://twitter.com/kompascom/status/1590655060866117633,"Bahan Baku Obat Sirup Ternyata Oplosan, PT Yarindo Farmatama: Kami Sudah Ditipu Pemasok!

Baca selengkapnya di sini: https://t.co/WLeSqywUeQ https://t.co/m8OGkqnygp"
1590621150803296256,https://twitter.com/kompascom/status/1590621150803296256,"Takut Gagal Bikin SIM? Polisi Kini Buka Bimbel Ujian Teori dan Praktik, Gratis

Baca di sini selengkapnya: https://t.co/9xoX3TXHNg https://t.co/7W98DJKCSN"
1590107321694556162,https://twitter.com/kompascom/status/1590107321694556162,"""Presiden seharusnya juga bisa berdiri di atas semua kelompok, partai, dan kandidat yang akan bersaing,"" jelasnya. https://t.co/HMX7PO8TIL"
1589178668068524032,https://twitter.com/kompascom/status/1589178668068524032,Pengemudi mobil sepakat menanggung biaya pengobatan pesepeda yang mengalami luka-luka itu. https://t.co/Eo6r8dN6ii
1589149175471812614,https://twitter.com/kompascom/status/1589149175471812614,"""Itu pelanggaran salah satu bahwa kemanusiaan lebih dari segalanya. Ini termasuk pelanggaran lalu lintas, (karena) melarikan diri,"" ujar Purwanta. https://t.co/KCs3DbS5c5"
1589119401554743296,https://twitter.com/kompascom/status/1589119401554743296,Para EXO-L yang hendak melihat Sehun EXO di Central Park Mall membuat antrean yang panjang tetapi tertib. https://t.co/5YHDdMTzVv
1589104370293288962,https://twitter.com/kompascom/status/1589104370293288962,"Pemilik MNC Group Hary Tanoe kesal dengan kebijakan migrasi TV analog ke TV digital, apa alasannya? https://t.co/VMafr2wuIc"
1589044205602885633,https://twitter.com/kompascom/status/1589044205602885633,Presiden Joko Widodo menilai capres-cawapres 2024 sebaiknya memahami persoalan ekonomi makro dan mikro serta menguasai data hingga bekerja detail. https://t.co/Bxz76xa4Zi
1588775523110785024,https://twitter.com/kompascom/status/1588775523110785024,Menhub menyebut proyek Kereta Cepat Jakarta Surabaya tidak akan menggunakan APBN. https://t.co/EP1jJ79D0W
1588338345179897856,https://twitter.com/kompascom/status/1588338345179897856,"WNI Rampok Famiily Mart di Jepang, Ambil Uang Rp 3,6 Juta dari Kasir

Baca selengkapnya di sini: https://t.co/69cj5C63BL https://t.co/woGtMvrevD"
1588164861976260608,https://twitter.com/kompascom/status/1588164861976260608,"Sejumlah tokoh Islam dan aktivis yang tergabung dalam Gerakan Nasional Pembela Rakyat (GNPR) akan menggelar aksi unjuk rasa dengan tema Aksi Bela Rakyat (AKBAR), pada Jumat (4/11/2022). ^ #GNPR #Aksi411 #Jokowi #IstanaNegara https://t.co/SDM1Ra67nb"
1588060869283352577,https://twitter.com/kompascom/status/1588060869283352577,"Belum Keluarkan Izin Konser Dewa 19, Polisi Akui Tak Siap Hadapi 70.000 Penonton

Baca selengkapnya di sini:https://t.co/0YXJ42xJPi https://t.co/2t55QIUIhA"
1587257246483824640,https://twitter.com/kompascom/status/1587257246483824640,Jaksa penuntut umum mencurigai bahwa keterangan yang diberikan asisten rumah tangga Ferdy Sambo bernama Susi telah dikendalikan oleh pihak tertentu dari jarak jauh dengan menggunakan handsfree. #FerdySambo #BharadaE #BrigadirJ #JernihMelihatDunia https://t.co/YDRUBM83EE
1586888936357781505,https://twitter.com/kompascom/status/1586888936357781505,"Alasan Direktur Waroeng Spesial Sambal Potong Gaji Karyawan yang Mendapatkan BSU. 

Baca selengkapnya di sini: https://t.co/Y1F3OYPoD4 https://t.co/C94GtwmzHw"
1586374062728949761,https://twitter.com/kompascom/status/1586374062728949761,Waroeng SS yang telah menerima BSU sebesar Rp 600.000 akan menerima gaji dengan pengurangan Rp 300.000 per bulan. https://t.co/BVpYXUVSUh
1585946988868427777,https://twitter.com/kompascom/status/1585946988868427777,Penjelasan Korlantas Polri soal ujian praktik pembuatan SIM C yang harus melewati jalur zigzag dan angka 8 adalah agar peserta reflek. https://t.co/p8NzshmoTe
1585895739443777536,https://twitter.com/kompascom/status/1585895739443777536,"Rektor Universitas Gadjah Mada (UGM) Prof. Ova Emilia mewisuda sendiri putri sulungnya, He Yeon Asva Nafaisa. 

He Yeon Asva Nafaisa mengikuti wisuda pascasarjana UGM bersama lebih dari 1.500 wisudawan lainnya.

Baca selengkapnya di sini: https://t.co/tmVgMhDceS https://t.co/g9FTVW2jgR"
1585560777419001857,https://twitter.com/kompascom/status/1585560777419001857,"Serikat buruh DIY meminta kepada Gubernur DIY Sri Sultan Hamengku Buwono X untuk menaikkan Upah Minimum Kabupaten atau Kota (UMK) di angka Rp 3,7 sampai Rp 4,2 juta. 

Baca selengkapnya di sini: https://t.co/0qR6s3NoKs https://t.co/XOAN3o4OHF"
1585505206485553152,https://twitter.com/kompascom/status/1585505206485553152,"Polantas yang biasanya berjaga di titik rawan pelanggaran kini ""menghilang"" sejak Kapolri melarang tilang manual. https://t.co/QG4VYWFKa2"
1585053876667187201,https://twitter.com/kompascom/status/1585053876667187201,Ridwan Kamil dan Anies Baswedan dinilai sebagai sosok yang cocok mendampingi Ganjar Pranowo sebagai cawapres. Demikian hasil survei Litbang Kompas https://t.co/owVfqetp4r
1584766283102687233,https://twitter.com/kompascom/status/1584766283102687233,"Sidang kedua terdakwa kasus pembunuhan berencana Brigadir J, Bharada E digelar di Pengadilan Negeri Jakarta Selatan, Senin (25/10/2022). Tampak Bharada E menyalami dan sujud di kaki orang tua Brigadir Yosua. ^ #BharadaE #YoshuaHutabarat #BrigadirJ #SidangBharadaE https://t.co/gZ1h7Vfoo1"
1584728775006515200,https://twitter.com/kompascom/status/1584728775006515200,"Pelaku bahkan sudah melancarkan perbuatannya sebelum menikahi istrinya, yang merupakan ibu kandung korban. https://t.co/t3wOdnAjGX"
1584681541187547136,https://twitter.com/kompascom/status/1584681541187547136,"Dari hasil survei Litbang Kompas, responden Partai Nasdem ternyata lebih banyak memilih Ganjar Pranowo dan Prabowo ketimbang Anies Baswedan https://t.co/dyX9mA4PRu"
1584337029772775424,https://twitter.com/kompascom/status/1584337029772775424,Demokrat terus berupaya agar AHY menjadi cawapres mendampingi Anies Baswedan di Pilpres 2024 https://t.co/wLgPlZduXX
1584322325650243584,https://twitter.com/kompascom/status/1584322325650243584,"PKS sebut kerap diajak gabung dengan pemerintahan Jokowi. Tapi, PKS menolak dan tegaskan akan jadi opsisi sampai akhir masa jabatan Jokowi https://t.co/Sh4kbP116Z"
1584187784654651393,https://twitter.com/kompascom/status/1584187784654651393,"Mengacu pada standar global, pengawasan terhadap produk obat memang tidak mesti mengecek satu per satu produk. https://t.co/jQa2kgXyKp"
1584011166451666945,https://twitter.com/kompascom/status/1584011166451666945,"Begitu kasus keponakannya viral, Imah mengaku uang, tanah, dan bangunan sarang burung walet langsung dikembalikan si kapolsek. https://t.co/rTUUZBUdrl"
1584011152635617280,https://twitter.com/kompascom/status/1584011152635617280,"Imah, warga Kampung Mancong, mengaku harus membayar Rp 10 juta hingga menyerahkan tanah dan bangunan sarang walet demi membebaskan keponakannya. https://t.co/Ks1Bs0xHdZ"
1583709537328328709,https://twitter.com/kompascom/status/1583709537328328709,"""Jadi apa yang salah (mendeklarasikan Anies sebagai capres)? Oh enggak ada yang salah, cuma enggak disukai aja, faktor suka enggak suka,"" kata Paloh. https://t.co/EvxFwEwysM"
1583621432629948418,https://twitter.com/kompascom/status/1583621432629948418,Suharyono sebelumnya bertugas di Otoritas Jasa Keuangan dan menggantikan Irjen Pol Teddy Minahasa. Ini arahan pertama Suharyono sebagai Kapolda. https://t.co/WeOTSU2v4h
1583438776868605952,https://twitter.com/kompascom/status/1583438776868605952,"Survei Populi Center menunjukkan 83,5 persen warga Jakarta puas dengan kinerja mantan Gubernur DKI Jakarta Anies Baswedan. / #Megapolitan #AniesBaswedan #PopuliCenter #Jakarta #JernihMelihatDunia  

Baca di https://t.co/dpGQtUx4GA https://t.co/bSTxEMZS55"
1583411961098047488,https://twitter.com/kompascom/status/1583411961098047488,Polda Metro Jaya bakal melakukan tes urine massal terhadap mahasiswa di universitas wilayah DKI Jakarta setiap satu bulan sekali. https://t.co/zUtfV3kMDK
1583319818257981440,https://twitter.com/kompascom/status/1583319818257981440,"Tak hanya dari Golkar, Susi mengaku mendapat tawaran dari Presiden PKS Ahmad Syaikhu untuk menjadi kader PKS. https://t.co/B4nLlIQlhW"
1583244983477633024,https://twitter.com/kompascom/status/1583244983477633024,"Setibanya di Jalan Mukodar Selatan tepatnya di depan depot air mineral, korban berhenti berlari dan berteriak memanggil 'mama' untuk meminta tolong. https://t.co/X03dzutpBq"
1582663364894896135,https://twitter.com/kompascom/status/1582663364894896135,"Pj Gubernur DKI Jakarta Heru Budi Hartono memastikan normalisasi Kali Ciliwung dilanjutkan. Heru akan berkoordinasi dengan Menteri ATR/BPN terkait pembebasan lahan untuk normalisasi dan sodetan. / #HeruBudiHartono #SungaiCiliwung #JernihMelihatDunia 

https://t.co/JK0BClE6Wc https://t.co/Gu0nhtnd1Y"
1582533936168566785,https://twitter.com/kompascom/status/1582533936168566785,"Ketua Umum PSSI, Mochamad Iriawan, sejatinya mendapat panggilan pemeriksaan oleh kepolisian pada Selasa (18/10/2022). 

Namun, pemeriksaan Mochamad Iriawan atau Iwan Bule terkait Tragedi Kanjuruhan berubah jadwal. 

Baca selengkapnya di sini: https://t.co/h5FffCUWki https://t.co/zgUOO64SpG"
1582514901804666880,https://twitter.com/kompascom/status/1582514901804666880,"""Ini baik buat Jokowi, kan tidak sampai 10 menit untuk Jokowi datang 'nih ijazah saya asli kok, mana yang palsunya?' kan selesai,"" kata Eggi Sudjana. https://t.co/lb26YTCQ0B"
1582315321255690241,https://twitter.com/kompascom/status/1582315321255690241,PKS tidak mempersoalkan pandangan Nasdem bahwa calon wakil presiden (cawapres) pendamping Anies Baswedan hendaknya dari luar partai koalisi. https://t.co/tVqu5vwmJT
1582211263420956674,https://twitter.com/kompascom/status/1582211263420956674,"Bela Teddy Minahasa dalam Kasus Narkoba, Henry Yosodiningrat: Tak Masuk Akal, Cuma Ratusan Juta Rupiah!

Baca selengkapnya di sini: https://t.co/szWehKvWBP https://t.co/FSwwMqXB5m"
1581957985253076993,https://twitter.com/kompascom/status/1581957985253076993,Pj Gubernur DKI Heru Budi Hartono mengatakan Pemerintah Provinsi DKI berencana mengurangi u-turn atau putaran U untuk mengurangi macet di Jakarta. https://t.co/5Bsouc1EXa
1581871689180119041,https://twitter.com/kompascom/status/1581871689180119041,"Istri Ferdy Sambo, Putri Candrawathi, disebut sempat mengucapkan terima kasih kepada Bharada Richard Eliezer, Bripka Ricky Rizal, dan Kuat Ma'ruf karena turut membantu dalam pembunuhan Brigadir J. 

Baca selengkapnya di sini: https://t.co/WQyPX1nhoH https://t.co/JYnVHylba3"
1581597466113507328,https://twitter.com/kompascom/status/1581597466113507328,"""Kami mau makan apa kalau di pecat, anak saya nanti gimana, pengobatan saya nanti gimana. Maafkan suami saya mungkin dia khilaf,"" kata Viliyeni. https://t.co/7GW4iUmADY"
1581581986401247232,https://twitter.com/kompascom/status/1581581986401247232,"Korban mayoritas anak gadis dan perempuan, tetapi anak laki-laki dan pria juga diperkosa tentara Rusia. Pemerkosaan disebut termasuk strategi militer. https://t.co/sFwWGcJi6S"
1581552795031080960,https://twitter.com/kompascom/status/1581552795031080960,Presiden Jokowi bertemu dengan teman seangkatannya saat kuliah di UGM pada Minggu (16/10/2022) di Royal Ambarrukmo Yogyakarta. https://t.co/CoajsDMg3F
1581524610985889792,https://twitter.com/kompascom/status/1581524610985889792,"Dalam ucapan perpisahan itu, Anies meminta warga Jakarta agar menjadi saksi jika dirinya kelak dimintai pertanggungjawaban di hadapan Tuhan. https://t.co/ZTKrhqt4XX"
1581521211984867328,https://twitter.com/kompascom/status/1581521211984867328,Mahfud pun meminta masyarakat jika masih mengalami pemerasan oleh aparat penegak hukum agar segera melapor. https://t.co/gb0Js97vuB
1581509513777401856,https://twitter.com/kompascom/status/1581509513777401856,Proyek Kereta Cepat Jakarta Bandung yang digagas China malah biayanya membengkak bahkan lebih mahal dari proposal Jepang. https://t.co/kR5dkBXS21
1581447610501857281,https://twitter.com/kompascom/status/1581447610501857281,"Aksi Aipda HR yang mencoret tembok Polres Luwu dengan tulisan ""Raja Pungli"" dan ""Sarang Korupsi"" jadi sorotan. Aipda HR disebut alami gangguan mental. https://t.co/zvvCsiy5wF"
1581328566322855937,https://twitter.com/kompascom/status/1581328566322855937,"Selain mencoret dinding gedung Mako Polres Luwu, Aiptu HR juga mencoret mobil dinas polisi dengan tulisan ""Raja Pungli"" https://t.co/X1T1oAuBsB"
1581300642668498944,https://twitter.com/kompascom/status/1581300642668498944,"Sebuah video yang menunjukkan mobil dinas polisi Pajero berpelat 19-VII membunyikan klakson berkali-kali saat lampu merah, viral di media sosial https://t.co/ZnEE4duDbj"
1581060293077368832,https://twitter.com/kompascom/status/1581060293077368832,"Zuhri (58), warga Desa Wadas Kecamatan Bener Kabupaten Purworejo kaya mendadak setelah mendapatkan ganti rugi atas tanahnya senilai Rp 9 miliar. https://t.co/MvaiTKSsVA"
1580940276906229761,https://twitter.com/kompascom/status/1580940276906229761,Louis Tomlinson masih menyiman kenangan mengesankan dari pengalamannya tampil di Jakarta. https://t.co/kh7Tc7Zzg1
1580880107283283968,https://twitter.com/kompascom/status/1580880107283283968,Presiden Joko Widodo memberikan arahan meminta Polri membantu mengawal stabilitas harga dan inflasi serta mengawal program pembangunan. https://t.co/E7eswFy3Lj
1580838271579742209,https://twitter.com/kompascom/status/1580838271579742209,"Kapolri mengatakan, pihaknya akan melakukan segala daya upaya untuk mengembalikan kepercayaan masyarakat.

Dia pun berjanji bahwa kepolisian akan terus menjaga amanah melalui program transformasi Polri.

Baca selengkapnya di sini: https://t.co/Cdkhuj1qsa https://t.co/AxKyMh69gb"
1580572319109763073,https://twitter.com/kompascom/status/1580572319109763073,"Penyanyi dangdut Lesti Kejora telah mencabut laporan KDRT  yang diduga dilakukan Rizky Billar, Kamis (13/10/2022).

Lesti mencabut laporan tersebut usai Billar ditetapkan sebagai tersangka dan ditahan karena kasus KDRT.

Baca selengkapnya di sini: https://t.co/F1m9GrtCnR https://t.co/8lV6KQFRUp"
1580566317287211008,https://twitter.com/kompascom/status/1580566317287211008,"Kuasa hukum Rizky Billar, Surya Darma Simbolon, mengatakan pencabutan laporan itu sudah kesepakatan Lesti dan Rizky Billar. https://t.co/6WkbVKVf4N"
1580210699577724929,https://twitter.com/kompascom/status/1580210699577724929,"Meski pembongkaran melibatkan aparat Pemprov DKI, namun Anies menyebut, nasib warga yang rumahnya dibongkar itu merupakan tanggung jawab PT KAI. https://t.co/nffuG0qkWM"
1580075797871841285,https://twitter.com/kompascom/status/1580075797871841285,"Pemkot Jakarta Selatan berencana menggelar festival tawuran untuk mengantisipasi tawuran yang berulang di kawasan Manggarai, Tebet, Jakarta Selatan.

pada festival itu batu yang biasa dilempar akan diganti dengan roti dan tomat.

Baca selengkapnya di sini: https://t.co/PGjpVWlJOf https://t.co/huvEXpZ0ac"
1579986103792439297,https://twitter.com/kompascom/status/1579986103792439297,"""Apabila curah hujan ekstrem berada di atas angka 100 mm/hari, mau tidak mau air akan tergenang, terjadilah banjir,"" tutur Anies. https://t.co/hywAjGhjsp"
1579450167832772609,https://twitter.com/kompascom/status/1579450167832772609,"Pihak Kepolisian Negara Republik Indonesia menegaskan bahwa korban tewas dalam tragedi di Stadion Kanjuruhan, Malang, Jawa Timur, 1 Oktober 2022 akibat kekurangan oksigen. 

Baca selengkapnya di sini: https://t.co/n8wSwN9r5G https://t.co/3YGLOIt9hi"
1579081169379131392,https://twitter.com/kompascom/status/1579081169379131392,"Ketua Bappilu DPP PDIP, Bambang Pacul, meyakini bahwa Anies Baswedan tak akan menang di Jawa Tengah (Jateng) pada Pilpres 2024. https://t.co/eySFOhy1tY"
1578643794366705665,https://twitter.com/kompascom/status/1578643794366705665,Orangtua dari dua anggota polisi yang dipecat karena menjilat kue HUT TNI minta maaf. https://t.co/qYNcZ0Nnve
1578603313209102337,https://twitter.com/kompascom/status/1578603313209102337,"Menko Marves Luhut Binsar Pandjaitan mengaku tidak ingin jadi Presiden atau Wakil Presiden. / #Money #LuhutBinsarPandjaitan #MenkoMarves #Bukubiografi #JernihMelihatDunia 

Baca di https://t.co/XnV3tCW1yn https://t.co/33RZIQuPUh"
1578384413850624006,https://twitter.com/kompascom/status/1578384413850624006,Pemerintah berencana memberi jangka waktu HGB langsung 80 tahun dan berpeluang hingga 160 tahun bagi investor di IKN. https://t.co/syjjvdF3mG
1578302722251497472,https://twitter.com/kompascom/status/1578302722251497472,"Keluarga buronan bos judi online terbesar di Sumut, Apin BK, mulai dari istri, anak, adik, hingga orangtuanya, sudah tak lagi berada di Kota Medan, Sumatera Utara. / #Judionline #SumateraUtara #Medan #PoldaSumut #Polisi #JernihMelihatDunia

Baca di https://t.co/7ePtyyh8cw https://t.co/wYyKD7PbZo"
1578178029687566336,https://twitter.com/kompascom/status/1578178029687566336,"Mentan SYL: Jika Beras Makin Mahal, Kita Makan Sagu Aja. 

Menteri Pertanian Syahrul Yasin Limpo mengatakan, tidak akan segan-segan mensubsitusi beras menjadi sagu bilamana harga komoditas tersebut tidak bersahabat alias mahal.

Baca selengkapnya di: https://t.co/IomdqsESIX https://t.co/PMmS3c8AlF"
1578173783562940416,https://twitter.com/kompascom/status/1578173783562940416,Saat ini masih banyak pemilik kendaraan di Indonesia yang abai atau mminim kesadaran dalam membayar pajak kendaraan https://t.co/DYKdrplDMR
1578009498752782336,https://twitter.com/kompascom/status/1578009498752782336,Menpan-RB Azwar Anas mengatakan telah diminta oleh Presiden Joko Widodo (Jokowi) untuk menyiapkan pemindahan ASN ke IKN Nusantara. https://t.co/41nmQko0RD
1577952328426164225,https://twitter.com/kompascom/status/1577952328426164225,"Gubernur DKI Jakarta Anies Baswedan menyalurkan dana hibah bantuan untuk 10 partai politik (parpol) tahun 2022 senilai Rp 27,5 miliar. https://t.co/TzkOSzl8nS"
1577581427071152128,https://twitter.com/kompascom/status/1577581427071152128,"Kadiv Humas Polri Irjen Dedi Prasetyo memastikan bahwa pengamanan itu hanya untuk kepentingan pemeriksaan sebagai saksi. / #Polisi #TragediKanjuruhan #Kanjuruhan #Malang #StadionKanjuruhan #JernihMelihatDunia 

Baca di https://t.co/EAJEr1qs8K https://t.co/wZFlK9Li36"
1577523218206056449,https://twitter.com/kompascom/status/1577523218206056449,"Ketua Umum PSSI Mochamad Iriawan menolak mundur dari jabatannya sebagai bentuk tanggung jawab atas Tragedi Stadion Kanjuruhan. 

Baca selengkapnya disini: https://t.co/fndQ4UzZMJ https://t.co/qOBfeDsVmq"
1577470189222113280,https://twitter.com/kompascom/status/1577470189222113280,Polisi membuka peluang damai dalam kasus laporan prank Baim Wong dan Paula Verhoeven https://t.co/1qrY2ZIZS5
1577434926865354756,https://twitter.com/kompascom/status/1577434926865354756,"Anggaran polisi yang sangat besar dihabiskan untuk gas air mata, pentungan, dan perangkat lain yang digunakan selama mengendalikan protes. https://t.co/Kg86n3hsEM"
1577220010350497792,https://twitter.com/kompascom/status/1577220010350497792,"Kapolda Jatim Irjen Nico Afinta meminta maaf dan menyesalkan terjadinya tragedi dalam pertandingan Arema FC melawan Persebaya di Stadion Kanjuruhan, Malang. / #Polisi #TragediKanjuruhan #Kanjuruhan #Malang #JernihkanMelihatDunia 

Baca di https://t.co/TuHsevOoKo https://t.co/6K5c86hVU1"
1577208196552589312,https://twitter.com/kompascom/status/1577208196552589312,"Dalam sebuah acara talk show, Hillary Brigitta Lasut mendapatkan roasting dari komika Mamat Alkatiri. https://t.co/4N4s4N3Nag"
1577109055491149826,https://twitter.com/kompascom/status/1577109055491149826,"Pengamat menilai, perlu ada tindakan tegas dari kepolisian yang telah dijadikan bahan olok-olokan karena diminta menangani kasus KDRT rekayasa. https://t.co/ijNRa5krt0"
1576882774203858944,https://twitter.com/kompascom/status/1576882774203858944,Polisi pastikan Baim Wong dan Paula akan jalani proses hukum untuk memberikan efek jera sekaligus pelajaran bagi masyarakat luas. https://t.co/wqwN5ny5ww
1576792530263293952,https://twitter.com/kompascom/status/1576792530263293952,"@sssong6823 ÏïàÎÖïÌïòÏã≠ÎãàÍπå, Yunhyeong. Ïñ∏Î°†ÏÇ¨ ÏÇ¨Î¨¥Ïã§ÏûÖÎãàÎã§, Menara Kompas. Ïó¨Í∏∞Î•º Î∞©Î¨∏ÌïòÏã≠ÏãúÏò§, Ïö∞Î¶¨Îäî Îß§Ïö∞ ÌñâÎ≥µÌï† Í≤ÉÏûÖÎãàÎã§. Ïó¨Í∏∞Ïóê ÎßéÏùÄ IKONICÏù¥ ÏûàÏäµÎãàÎã§. https://t.co/4AM2YptEjl"
1576784391812288513,https://twitter.com/kompascom/status/1576784391812288513,"BREAKING NEWS!!

Partai Nasdem resmi mengumumkan Anies Baswedan sebagai Bakal Calon Presiden di Pilpres 2024. https://t.co/cO1ngchq7I"
1576777432618930176,https://twitter.com/kompascom/status/1576777432618930176,"Polisi berencana memanggil artis dan juga Youtuber Baim Wong dan istrinya, Paula terkait pembuatan konten prank dengan berpura-pura membuat laporan kasus kekerasan dalam rumah tangga (KDRT). 

Baca di sini: https://t.co/8j988u8g0r https://t.co/2atL0WJ7kb"
1576758962460200960,https://twitter.com/kompascom/status/1576758962460200960,"Alasan Baim Wong dan istri yang berpura-pura membuat laporan KDRT ke polisi dianggap melanggar hukum pidana, yakni laporan palsu. https://t.co/wq2hrR0MBZ"
1576743731696668674,https://twitter.com/kompascom/status/1576743731696668674,Pihak yang membuat laporan palsu kepada polisi diancam hukuman penjara https://t.co/yYcet5DKoF
1576732060961865728,https://twitter.com/kompascom/status/1576732060961865728,Baim Wong dan Paula Verhoeven dianggap tak berempati dengan korban lantaran berpura-pura membuat laporan KDRT ke polisi https://t.co/s4oPRUVcAX
1576701830163484672,https://twitter.com/kompascom/status/1576701830163484672,Gubernur DKI Jakarta Anies Baswedan meminta agar apa yang sudah ia bangun di Jakarta dijaga. https://t.co/XC2kROg6bI
1576521526895341573,https://twitter.com/kompascom/status/1576521526895341573,Baim Wong dan Paula Verhoeven melakukan prank dengan berpura-pura membuat laporan kasus KDRT ke polisi https://t.co/Ao3EIebu6U
1576506544816295936,https://twitter.com/kompascom/status/1576506544816295936,Baim Wong dan Paula Verhoeven prank polisi dengan berpura-pura membuat laporan KDRT https://t.co/VZzIh6Q7w9
1576411658951757824,https://twitter.com/kompascom/status/1576411658951757824,"Pasangan suami istri Aremania, suporter Arema FC, tewas dalam kerusuhan di Stadion Kanjuruhan, Kabupaten Malang. Sedangkan anaknya selamat https://t.co/4iNMjjZaQ8"
1576367227669925890,https://twitter.com/kompascom/status/1576367227669925890,"Sebanyak 127 orang tewas dalam kerusuhan suporter yang pecah seusai pertandingan derbi Jawa Timur, Arema FC vs Persebaya Surabaya di Stadion Kanjuruhan di Kabupaten Malang, Jawa Timur, Sabtu (1/10/2022) malam. 

Baca selengkapnya di sini: https://t.co/QlvYLgZNxc https://t.co/hroZyewuAM"
1576352038711328773,https://twitter.com/kompascom/status/1576352038711328773,Polisi menyatakan penembakan gas air mata itu sudah sesuai prosedur hingga memicu tragedi di Kanjuruhan Arema dan menewaskan 127 orang. https://t.co/zDxE56kpuL
1576352025365073923,https://twitter.com/kompascom/status/1576352025365073923,Kapolda Jatim memastikan bahwa penembakan gas air mata kepada suporter Aremania di atas tribun saat terjadi kericuhan sudah sesuai prosedur https://t.co/2ri8xma4m7
1576336817464709120,https://twitter.com/kompascom/status/1576336817464709120,"Sebanyak 127 orang tewas dalam kerusuhan suporter yang pecah usai pertandingan derbi Jawa Timur, Arema FC vs Persebaya Surabaya, Sabtu malam. https://t.co/dWSTmdczwX"
1576145066523254784,https://twitter.com/kompascom/status/1576145066523254784,"""Ini bukan permintaan saya, ini permintaan Pak Anies sendiri menjadi anggota. Tapi bukan anggota kehormatan."" https://t.co/rMgRqAcesa"
1576005773418983424,https://twitter.com/kompascom/status/1576005773418983424,"AH, seorang santri di Kabupaten Rembang, Jawa Tengah, dibakar oleh seniornya hanya karena menolak mengumpulkan ponsel. https://t.co/qP1Gj2VszH"
1575738756967329798,https://twitter.com/kompascom/status/1575738756967329798,Presiden Jokowi berencana kembali menyuntik uang APBN melalui skema PMN PT KAI ke proyek Kereta Cepat Jakarta Bandung. https://t.co/YQAAB7Hy1V
1575688936332337154,https://twitter.com/kompascom/status/1575688936332337154,"Puan Maharani turun ke sawah dan menanam padi di Desa Sedang, Bali. Terlihat Puan dan beberapa petani tandur dengan cara maju, bukan mundur https://t.co/Z6XEkhR2pR"
1575403141876817921,https://twitter.com/kompascom/status/1575403141876817921,"Kabag Penum Divisi Humas Polri Nurul Azizah katakan isu soal ""Konsorsium 303"" sementara tidak ada dan tidak terbukti https://t.co/3NWvVFgypg"
1575396877079810048,https://twitter.com/kompascom/status/1575396877079810048,"Seorang hakim agung bisa mendapatkan gaji hampir ratusan juta rupiah per bulan. Lalu, mengapa masih saja korupsi? 

Baca selengkapnya di sini: https://t.co/hvlJjYUW6z https://t.co/8N9NPEj9LG"
1575383436369760256,https://twitter.com/kompascom/status/1575383436369760256,"Lesti Kejora melaporkan suaminya, Rizky Billar, atas kasus dugaan kekerasan dalam rumah tangga (KDRT) pada Rabu (28/9/2022). https://t.co/HbPRUW9slH"
1575353213834133506,https://twitter.com/kompascom/status/1575353213834133506,Adrian Maulana ungkap perasaan setelah dicap kere hanya karena naik KRL dan kendaraan umum lainnya https://t.co/3KrDKx3r4H
1575076508510867458,https://twitter.com/kompascom/status/1575076508510867458,"""Kalau sebelumnya belum pernah (ada pungli). Kemarin saja, mungkin karena ketemunya Bang Soleh, kebetulan orang terkenal,"" kata polisi. https://t.co/SP82ij7L6Q"
1575031370757574656,https://twitter.com/kompascom/status/1575031370757574656,AS meminta uang Rp 30.000 kepada komedian Soleh Solihun untuk biaya pengecekan fisik kendaraan saat perpanjang masa berlaku STNK lima tahunan. https://t.co/VsxPZqVmBl
1574970937010982912,https://twitter.com/kompascom/status/1574970937010982912,"Luhut Binsar Panjaitan mengatakan, pembelian mobil listrik untuk pejabat akan dianggarkan dari APBN. https://t.co/LUoa2NiKwO"
1574935060494819328,https://twitter.com/kompascom/status/1574935060494819328,Sekretariat Bersama (Sekber) Jokowi-Prabowo 2024-2029 meminta MK memberi kepastian apakah Jokowi bisa maju sebagai wakil presiden. https://t.co/lzzuHy2HUF
1574196318968647680,https://twitter.com/kompascom/status/1574196318968647680,"Menpan-RB mengatakan, indeks kualitas aparatur sipil negara (ASN) Indonesia lebih rendah daripada negara-negara lain. https://t.co/xbDIXeCbWT"
1573939499088113665,https://twitter.com/kompascom/status/1573939499088113665,"Ketua DPP PDI-P Puan Maharani mengatakan, pihaknya dan PKB memilih bertemu di warung pecel lantaran kedua partai mereka adalah partai 'wong cilik'. https://t.co/ATo2t4gZez"
1573863126277443587,https://twitter.com/kompascom/status/1573863126277443587,Menpan-RB Azwar Anas menyebut adanya tenaga titipan yang menyebabkan banyak tenaga honorer di instansi pemerintahan. https://t.co/VewwmAeog7
1573256422187741185,https://twitter.com/kompascom/status/1573256422187741185,Tim Kuasa Hukum Gubernur Papua menyampaikan kondisi kesehatan Lukas Enembe memburuk lantaran didiagnosa mengalami kebocoran ginjal. ^ #LukasEnembe #GubernurPapua https://t.co/koGKRDqMih
1573101141478735872,https://twitter.com/kompascom/status/1573101141478735872,"Gelombang protes warga terjadi lantaran dari 70 lapak pedagang yang digusur, empat markas organisasi masyarakat (ormas) justru berdiri kokoh. https://t.co/v782QaJehz"
1572915180157407232,https://twitter.com/kompascom/status/1572915180157407232,"‚ÄúPak Anies misalnya, kalau dia tak berkomitmen, tidak ada komitmen yang utuh melanjutkan program Pak Jokowi, saya pastikan kita tak jadi mendukung dia https://t.co/WZe95ysBy7"
1572762138074304512,https://twitter.com/kompascom/status/1572762138074304512,"Terjadi fenomena antrean kendaraan di spbu, beli BBM bisa sampai 20 menit. Ada yang merasakan?

Baca selengkapnya di sini: https://t.co/30jzm1KGjJ https://t.co/WHYGqBBtvZ"
1572446543642497025,https://twitter.com/kompascom/status/1572446543642497025,Koalisi Rakyat Papua menganggap penetapan status tersangka oleh KPK terhadap Lukas Enembe sebagai bentuk kriminalisasi oleh pihak yang ingin mengambil alih kekuasaan di Papua. ^ #LukasEnembe #Demo https://t.co/6V7YsldX39
1572206843912654849,https://twitter.com/kompascom/status/1572206843912654849,"Menteri Komunikasi dan Informatika Johnny G Plate mengatakan, pemerintah akan memulai pembangunan Pusat Data Nasional pertama se-Indonesia di wilayah Jabodetabek. ^ #Nasional 

https://t.co/HUlEx3I0Uf"
1572153630622646274,https://twitter.com/kompascom/status/1572153630622646274,"Sandiaga Uno mengatakan, pernah menjadi korban pemutusan hubungan kerja (PHK) saat Indonesia mengalami krisis ekonomi 1997-1998. https://t.co/CTCXwJEYHW"
1571749859467886592,https://twitter.com/kompascom/status/1571749859467886592,"Polri memutuskan menolak permohonan banding Ferdy Sambo terkait pemecatannya sebagai anggota Polri.

Dengan putusan banding ini, Ferdy Sambo resmi dipecat dari instansi Polri. / #FerdySambo #KasusBrigadirJ #BreakingNews #JernihMelihatDunia

Baca di https://t.co/goTa27zhg9 https://t.co/fPh52pVuor"
1570960311695609863,https://twitter.com/kompascom/status/1570960311695609863,"{Thread} 

Pria yang Ditangkap di Madiun Terkait Bjorka Kini Jadi Tersangka

Baru dipulangkan malah jadi tersangka. Apa yang terjadi? /#Bjorka #Madiun #Hacker #Kebocorandata #Databocor #JernihMelihatDunia https://t.co/tq7rf1trHA"
1570704769366519809,https://twitter.com/kompascom/status/1570704769366519809,"Pemuda yang ditangkap di Madiun terkait ""hacker"" Bjorka kini ditetapkan menjadi tersangka. * #Bjorka #Madiun #KebocoranData #JernihMelihatDunia

Baca selengkapnya di sini: https://t.co/XLFt06lx5Q https://t.co/vBadXsh6dp"
1570636751676542977,https://twitter.com/kompascom/status/1570636751676542977,Muhammad Agung Hidayatullah atau MAH (21) dipulangkan dengan diantar oleh dua anggota Polsek Dagangan menggunakan mobil pribadi https://t.co/ewsdPF97UD
1570580631121440771,https://twitter.com/kompascom/status/1570580631121440771,"{Thread}

Wacana Jokowi Jadi Wakil Presiden 2024‚Ä¶

Bolehkah menurut konstitusi? /#Jokowi #PDIP #Politik #JernihMelihatDunia https://t.co/TENPmjS7RU"
1569566708767277063,https://twitter.com/kompascom/status/1569566708767277063,"Hari ini, sekitar 100 karyawan Hotel Ibis Malioboro menandatangani PHK. https://t.co/XkzoPfFrHP"
1569529929347530753,https://twitter.com/kompascom/status/1569529929347530753,"""Bagi orang miskin, rentan miskin, yang di bawah garis kemiskinan itu tidak boleh lagi ada 450 V, kita tingkatkan saja minimal 900 VA."" Ujar Ketua Banggar DPR dalam rapat di Gedung DPR (12/9/2022). / #Money #Tariflistrik #Listrik #JernihMelihatDunia 

https://t.co/Izb0Mum1rt https://t.co/Oeit4rTLK0"
